{
    "loss": 0.27767932415008545,
    "accuracy": 0.8666666746139526
}